customer_id,name,email,country,signup_date
C0001,Customer 1,customer1@example.com,US,2025-01-07
C0002,Customer 2,customer2@example.com,US,2025-03-04
C0003,Customer 3,customer3@example.com,US,2025-02-05
C0004,Customer 4,customer4@example.com,US,2025-06-23
C0005,Customer 5,customer5@example.com,UK,2025-01-23
C0006,Customer 6,customer6@example.com,UK,2025-04-19
C0007,Customer 7,customer7@example.com,US,2025-01-08
C0008,Customer 8,customer8@example.com,US,2025-02-25
C0009,Customer 9,customer9@example.com,US,2025-05-10
C0010,Customer 10,customer10@example.com,UK,2025-01-07
C0011,Customer 11,customer11@example.com,UK,2025-02-20
C0012,Customer 12,customer12@example.com,UK,2025-04-18
C0013,Customer 13,customer13@example.com,US,2025-04-25
C0014,Customer 14,customer14@example.com,UK,2025-03-13
C0015,Customer 15,customer15@example.com,US,2025-07-14
C0016,Customer 16,customer16@example.com,US,2025-06-28
C0017,Customer 17,customer17@example.com,IN,2025-03-29
C0018,Customer 18,customer18@example.com,US,2025-02-09
C0019,Customer 19,customer19@example.com,US,2025-07-15
C0020,Customer 20,customer20@example.com,US,2025-01-27
C0021,Customer 21,customer21@example.com,US,2025-04-08
C0022,Customer 22,customer22@example.com,US,2025-04-02
C0023,Customer 23,customer23@example.com,US,2025-06-04
C0024,Customer 24,customer24@example.com,US,2025-01-12
C0025,Customer 25,customer25@example.com,IN,2025-05-18
C0026,Customer 26,customer26@example.com,US,2025-04-07
C0027,Customer 27,customer27@example.com,US,2025-05-22
C0028,Customer 28,customer28@example.com,US,2025-06-10
C0029,Customer 29,customer29@example.com,UK,2025-04-03
C0030,Customer 30,customer30@example.com,UK,2025-02-19
C0031,Customer 31,customer31@example.com,US,2025-01-12
C0032,Customer 32,customer32@example.com,US,2025-07-17
C0033,Customer 33,customer33@example.com,US,2025-01-21
C0034,Customer 34,customer34@example.com,US,2025-01-26
C0035,Customer 35,customer35@example.com,IN,2025-03-13
C0036,Customer 36,customer36@example.com,IN,2025-06-12
C0037,Customer 37,customer37@example.com,US,2025-02-11
C0038,Customer 38,customer38@example.com,US,2025-04-01
C0039,Customer 39,customer39@example.com,US,2025-06-21
C0040,Customer 40,customer40@example.com,US,2025-06-29
C0041,Customer 41,customer41@example.com,US,2025-06-05
C0042,Customer 42,customer42@example.com,US,2025-05-17
C0043,Customer 43,customer43@example.com,US,2025-02-11
C0044,Customer 44,customer44@example.com,IN,2025-04-08
C0045,Customer 45,customer45@example.com,US,2025-06-13
C0046,Customer 46,customer46@example.com,UK,2025-02-26
C0047,Customer 47,customer47@example.com,US,2025-07-16
C0048,Customer 48,customer48@example.com,US,2025-02-28
C0049,Customer 49,customer49@example.com,US,2025-03-22
C0050,Customer 50,customer50@example.com,IN,2025-03-10
C0051,Customer 51,customer51@example.com,US,2025-02-24
C0052,Customer 52,customer52@example.com,UK,2025-07-03
C0053,Customer 53,customer53@example.com,US,2025-02-24
C0054,Customer 54,customer54@example.com,IN,2025-04-12
C0055,Customer 55,customer55@example.com,IN,2025-02-06
C0056,Customer 56,customer56@example.com,US,2025-02-05
C0057,Customer 57,customer57@example.com,US,2025-07-10
C0058,Customer 58,customer58@example.com,UK,2025-05-18
C0059,Customer 59,customer59@example.com,US,2025-07-11
C0060,Customer 60,customer60@example.com,UK,2025-04-20
C0061,Customer 61,customer61@example.com,UK,2025-04-13
C0062,Customer 62,customer62@example.com,US,2025-02-26
C0063,Customer 63,customer63@example.com,US,2025-05-11
C0064,Customer 64,customer64@example.com,IN,2025-01-24
C0065,Customer 65,customer65@example.com,US,2025-01-29
C0066,Customer 66,customer66@example.com,US,2025-06-10
C0067,Customer 67,customer67@example.com,US,2025-06-24
C0068,Customer 68,customer68@example.com,IN,2025-06-02
C0069,Customer 69,customer69@example.com,US,2025-04-09
C0070,Customer 70,customer70@example.com,IN,2025-06-02
C0071,Customer 71,customer71@example.com,IN,2025-05-16
C0072,Customer 72,customer72@example.com,US,2025-05-22
C0073,Customer 73,customer73@example.com,US,2025-06-24
C0074,Customer 74,customer74@example.com,US,2025-06-24
C0075,Customer 75,customer75@example.com,UK,2025-07-12
C0076,Customer 76,customer76@example.com,US,2025-07-16
C0077,Customer 77,customer77@example.com,US,2025-01-29
C0078,Customer 78,customer78@example.com,US,2025-04-22
C0079,Customer 79,customer79@example.com,US,2025-04-27
C0080,Customer 80,customer80@example.com,US,2025-07-04
C0081,Customer 81,customer81@example.com,US,2025-05-09
C0082,Customer 82,customer82@example.com,US,2025-05-10
C0083,Customer 83,customer83@example.com,US,2025-06-10
C0084,Customer 84,customer84@example.com,US,2025-06-13
C0085,Customer 85,customer85@example.com,UK,2025-06-05
C0086,Customer 86,customer86@example.com,US,2025-02-09
C0087,Customer 87,customer87@example.com,US,2025-07-15
C0088,Customer 88,customer88@example.com,US,2025-05-19
C0089,Customer 89,customer89@example.com,UK,2025-01-01
C0090,Customer 90,customer90@example.com,UK,2025-03-24
C0091,Customer 91,customer91@example.com,IN,2025-01-05
C0092,Customer 92,customer92@example.com,US,2025-04-03
C0093,Customer 93,customer93@example.com,US,2025-03-03
C0094,Customer 94,customer94@example.com,US,2025-03-03
C0095,Customer 95,customer95@example.com,UK,2025-01-21
C0096,Customer 96,customer96@example.com,US,2025-07-07
C0097,Customer 97,customer97@example.com,IN,2025-01-18
C0098,Customer 98,customer98@example.com,UK,2025-07-16
C0099,Customer 99,customer99@example.com,US,2025-02-02
C0100,Customer 100,customer100@example.com,IN,2025-05-21
C0101,Customer 101,customer101@example.com,US,2025-03-09
C0102,Customer 102,customer102@example.com,UK,2025-06-05
C0103,Customer 103,customer103@example.com,IN,2025-02-24
C0104,Customer 104,customer104@example.com,UK,2025-07-13
C0105,Customer 105,customer105@example.com,US,2025-07-02
C0106,Customer 106,customer106@example.com,US,2025-04-13
C0107,Customer 107,customer107@example.com,US,2025-04-23
C0108,Customer 108,customer108@example.com,UK,2025-04-26
C0109,Customer 109,customer109@example.com,US,2025-03-05
C0110,Customer 110,customer110@example.com,US,2025-01-17
C0111,Customer 111,customer111@example.com,US,2025-01-06
C0112,Customer 112,customer112@example.com,UK,2025-05-22
C0113,Customer 113,customer113@example.com,US,2025-05-31
C0114,Customer 114,customer114@example.com,US,2025-01-02
C0115,Customer 115,customer115@example.com,US,2025-07-01
C0116,Customer 116,customer116@example.com,US,2025-02-28
C0117,Customer 117,customer117@example.com,US,2025-01-09
C0118,Customer 118,customer118@example.com,US,2025-01-19
C0119,Customer 119,customer119@example.com,UK,2025-03-02
C0120,Customer 120,customer120@example.com,US,2025-06-21
C0121,Customer 121,customer121@example.com,IN,2025-02-24
C0122,Customer 122,customer122@example.com,UK,2025-02-03
C0123,Customer 123,customer123@example.com,UK,2025-05-28
C0124,Customer 124,customer124@example.com,IN,2025-03-04
C0125,Customer 125,customer125@example.com,IN,2025-04-15
C0126,Customer 126,customer126@example.com,US,2025-01-25
C0127,Customer 127,customer127@example.com,US,2025-06-18
C0128,Customer 128,customer128@example.com,IN,2025-04-01
C0129,Customer 129,customer129@example.com,IN,2025-04-16
C0130,Customer 130,customer130@example.com,IN,2025-07-06
C0131,Customer 131,customer131@example.com,US,2025-06-22
C0132,Customer 132,customer132@example.com,US,2025-01-16
C0133,Customer 133,customer133@example.com,IN,2025-07-06
C0134,Customer 134,customer134@example.com,US,2025-01-28
C0135,Customer 135,customer135@example.com,US,2025-02-19
C0136,Customer 136,customer136@example.com,US,2025-05-18
C0137,Customer 137,customer137@example.com,IN,2025-02-05
C0138,Customer 138,customer138@example.com,IN,2025-02-16
C0139,Customer 139,customer139@example.com,US,2025-04-29
C0140,Customer 140,customer140@example.com,US,2025-01-20
C0141,Customer 141,customer141@example.com,IN,2025-05-21
C0142,Customer 142,customer142@example.com,US,2025-01-13
C0143,Customer 143,customer143@example.com,UK,2025-01-04
C0144,Customer 144,customer144@example.com,US,2025-07-12
C0145,Customer 145,customer145@example.com,US,2025-02-12
C0146,Customer 146,customer146@example.com,IN,2025-05-05
C0147,Customer 147,customer147@example.com,IN,2025-02-24
C0148,Customer 148,customer148@example.com,IN,2025-01-16
C0149,Customer 149,customer149@example.com,US,2025-04-08
C0150,Customer 150,customer150@example.com,US,2025-04-10
C0151,Customer 151,customer151@example.com,US,2025-07-20
C0152,Customer 152,customer152@example.com,IN,2025-03-15
C0153,Customer 153,customer153@example.com,IN,2025-06-28
C0154,Customer 154,customer154@example.com,UK,2025-06-19
C0155,Customer 155,customer155@example.com,IN,2025-02-09
C0156,Customer 156,customer156@example.com,US,2025-03-17
C0157,Customer 157,customer157@example.com,US,2025-01-15
C0158,Customer 158,customer158@example.com,UK,2025-07-08
C0159,Customer 159,customer159@example.com,UK,2025-01-16
C0160,Customer 160,customer160@example.com,US,2025-01-15
C0161,Customer 161,customer161@example.com,US,2025-05-30
C0162,Customer 162,customer162@example.com,IN,2025-05-09
C0163,Customer 163,customer163@example.com,UK,2025-02-10
C0164,Customer 164,customer164@example.com,US,2025-05-11
C0165,Customer 165,customer165@example.com,US,2025-02-17
C0166,Customer 166,customer166@example.com,US,2025-06-02
C0167,Customer 167,customer167@example.com,US,2025-06-22
C0168,Customer 168,customer168@example.com,US,2025-04-14
C0169,Customer 169,customer169@example.com,US,2025-05-26
C0170,Customer 170,customer170@example.com,US,2025-05-29
C0171,Customer 171,customer171@example.com,UK,2025-01-11
C0172,Customer 172,customer172@example.com,UK,2025-01-21
C0173,Customer 173,customer173@example.com,IN,2025-06-18
C0174,Customer 174,customer174@example.com,UK,2025-05-25
C0175,Customer 175,customer175@example.com,UK,2025-03-22
C0176,Customer 176,customer176@example.com,US,2025-02-22
C0177,Customer 177,customer177@example.com,US,2025-03-03
C0178,Customer 178,customer178@example.com,US,2025-04-12
C0179,Customer 179,customer179@example.com,US,2025-06-21
C0180,Customer 180,customer180@example.com,US,2025-04-28
C0181,Customer 181,customer181@example.com,US,2025-07-12
C0182,Customer 182,customer182@example.com,US,2025-01-03
C0183,Customer 183,customer183@example.com,IN,2025-06-09
C0184,Customer 184,customer184@example.com,UK,2025-01-26
C0185,Customer 185,customer185@example.com,US,2025-05-18
C0186,Customer 186,customer186@example.com,US,2025-05-10
C0187,Customer 187,customer187@example.com,US,2025-02-03
C0188,Customer 188,customer188@example.com,US,2025-01-18
C0189,Customer 189,customer189@example.com,US,2025-04-05
C0190,Customer 190,customer190@example.com,US,2025-02-10
C0191,Customer 191,customer191@example.com,IN,2025-05-20
C0192,Customer 192,customer192@example.com,US,2025-06-06
C0193,Customer 193,customer193@example.com,UK,2025-01-03
C0194,Customer 194,customer194@example.com,UK,2025-03-18
C0195,Customer 195,customer195@example.com,US,2025-02-04
C0196,Customer 196,customer196@example.com,US,2025-01-30
C0197,Customer 197,customer197@example.com,US,2025-07-10
C0198,Customer 198,customer198@example.com,UK,2025-02-09
C0199,Customer 199,customer199@example.com,US,2025-03-14
C0200,Customer 200,customer200@example.com,UK,2025-02-23
C0201,Customer 201,customer201@example.com,US,2025-02-22
C0202,Customer 202,customer202@example.com,US,2025-05-10
C0203,Customer 203,customer203@example.com,IN,2025-03-06
C0204,Customer 204,customer204@example.com,US,2025-01-24
C0205,Customer 205,customer205@example.com,IN,2025-03-12
C0206,Customer 206,customer206@example.com,US,2025-01-01
C0207,Customer 207,customer207@example.com,US,2025-07-17
C0208,Customer 208,customer208@example.com,US,2025-06-13
C0209,Customer 209,customer209@example.com,US,2025-02-11
C0210,Customer 210,customer210@example.com,IN,2025-05-22
C0211,Customer 211,customer211@example.com,IN,2025-05-24
C0212,Customer 212,customer212@example.com,US,2025-01-29
C0213,Customer 213,customer213@example.com,US,2025-06-26
C0214,Customer 214,customer214@example.com,US,2025-05-20
C0215,Customer 215,customer215@example.com,US,2025-04-05
C0216,Customer 216,customer216@example.com,UK,2025-05-22
C0217,Customer 217,customer217@example.com,US,2025-04-21
C0218,Customer 218,customer218@example.com,US,2025-01-11
C0219,Customer 219,customer219@example.com,US,2025-04-04
C0220,Customer 220,customer220@example.com,US,2025-04-02
C0221,Customer 221,customer221@example.com,US,2025-06-24
C0222,Customer 222,customer222@example.com,US,2025-06-20
C0223,Customer 223,customer223@example.com,US,2025-04-01
C0224,Customer 224,customer224@example.com,UK,2025-04-15
C0225,Customer 225,customer225@example.com,UK,2025-07-11
C0226,Customer 226,customer226@example.com,US,2025-03-02
C0227,Customer 227,customer227@example.com,US,2025-02-15
C0228,Customer 228,customer228@example.com,IN,2025-01-07
C0229,Customer 229,customer229@example.com,US,2025-07-08
C0230,Customer 230,customer230@example.com,US,2025-07-20
C0231,Customer 231,customer231@example.com,IN,2025-06-21
C0232,Customer 232,customer232@example.com,US,2025-03-10
C0233,Customer 233,customer233@example.com,US,2025-06-29
C0234,Customer 234,customer234@example.com,US,2025-04-08
C0235,Customer 235,customer235@example.com,US,2025-05-01
C0236,Customer 236,customer236@example.com,US,2025-02-21
C0237,Customer 237,customer237@example.com,IN,2025-03-31
C0238,Customer 238,customer238@example.com,US,2025-02-28
C0239,Customer 239,customer239@example.com,US,2025-01-07
C0240,Customer 240,customer240@example.com,US,2025-04-13
C0241,Customer 241,customer241@example.com,US,2025-03-13
C0242,Customer 242,customer242@example.com,US,2025-07-17
C0243,Customer 243,customer243@example.com,US,2025-03-31
C0244,Customer 244,customer244@example.com,UK,2025-04-13
C0245,Customer 245,customer245@example.com,UK,2025-03-26
C0246,Customer 246,customer246@example.com,US,2025-01-30
C0247,Customer 247,customer247@example.com,US,2025-02-15
C0248,Customer 248,customer248@example.com,UK,2025-03-09
C0249,Customer 249,customer249@example.com,US,2025-01-28
C0250,Customer 250,customer250@example.com,UK,2025-04-22
C0251,Customer 251,customer251@example.com,US,2025-07-06
C0252,Customer 252,customer252@example.com,US,2025-04-22
C0253,Customer 253,customer253@example.com,UK,2025-05-11
C0254,Customer 254,customer254@example.com,US,2025-04-09
C0255,Customer 255,customer255@example.com,UK,2025-02-18
C0256,Customer 256,customer256@example.com,US,2025-01-12
C0257,Customer 257,customer257@example.com,IN,2025-01-01
C0258,Customer 258,customer258@example.com,UK,2025-05-18
C0259,Customer 259,customer259@example.com,US,2025-04-04
C0260,Customer 260,customer260@example.com,IN,2025-01-18
C0261,Customer 261,customer261@example.com,US,2025-06-09
C0262,Customer 262,customer262@example.com,US,2025-06-19
C0263,Customer 263,customer263@example.com,US,2025-07-04
C0264,Customer 264,customer264@example.com,US,2025-05-10
C0265,Customer 265,customer265@example.com,US,2025-06-20
C0266,Customer 266,customer266@example.com,IN,2025-03-25
C0267,Customer 267,customer267@example.com,IN,2025-06-28
C0268,Customer 268,customer268@example.com,US,2025-05-22
C0269,Customer 269,customer269@example.com,US,2025-02-19
C0270,Customer 270,customer270@example.com,IN,2025-06-20
C0271,Customer 271,customer271@example.com,IN,2025-06-23
C0272,Customer 272,customer272@example.com,US,2025-06-07
C0273,Customer 273,customer273@example.com,UK,2025-03-19
C0274,Customer 274,customer274@example.com,IN,2025-05-21
C0275,Customer 275,customer275@example.com,US,2025-03-19
C0276,Customer 276,customer276@example.com,US,2025-02-23
C0277,Customer 277,customer277@example.com,IN,2025-05-29
C0278,Customer 278,customer278@example.com,UK,2025-06-17
C0279,Customer 279,customer279@example.com,US,2025-04-30
C0280,Customer 280,customer280@example.com,IN,2025-04-24
C0281,Customer 281,customer281@example.com,US,2025-05-11
C0282,Customer 282,customer282@example.com,IN,2025-07-08
C0283,Customer 283,customer283@example.com,US,2025-06-18
C0284,Customer 284,customer284@example.com,US,2025-03-14
C0285,Customer 285,customer285@example.com,UK,2025-06-19
C0286,Customer 286,customer286@example.com,UK,2025-03-27
C0287,Customer 287,customer287@example.com,US,2025-07-12
C0288,Customer 288,customer288@example.com,US,2025-06-22
C0289,Customer 289,customer289@example.com,US,2025-02-27
C0290,Customer 290,customer290@example.com,US,2025-02-07
C0291,Customer 291,customer291@example.com,US,2025-01-12
C0292,Customer 292,customer292@example.com,US,2025-05-02
C0293,Customer 293,customer293@example.com,UK,2025-07-16
C0294,Customer 294,customer294@example.com,US,2025-04-27
C0295,Customer 295,customer295@example.com,IN,2025-06-11
C0296,Customer 296,customer296@example.com,UK,2025-02-19
C0297,Customer 297,customer297@example.com,IN,2025-05-07
C0298,Customer 298,customer298@example.com,IN,2025-03-04
C0299,Customer 299,customer299@example.com,US,2025-06-17
C0300,Customer 300,customer300@example.com,US,2025-07-12
C0301,Customer 301,customer301@example.com,US,2025-07-19
C0302,Customer 302,customer302@example.com,IN,2025-02-26
C0303,Customer 303,customer303@example.com,US,2025-06-28
C0304,Customer 304,customer304@example.com,UK,2025-04-29
C0305,Customer 305,customer305@example.com,US,2025-05-23
C0306,Customer 306,customer306@example.com,US,2025-02-01
C0307,Customer 307,customer307@example.com,IN,2025-02-04
C0308,Customer 308,customer308@example.com,IN,2025-06-20
C0309,Customer 309,customer309@example.com,UK,2025-05-24
C0310,Customer 310,customer310@example.com,UK,2025-03-23
C0311,Customer 311,customer311@example.com,IN,2025-06-06
C0312,Customer 312,customer312@example.com,UK,2025-04-20
C0313,Customer 313,customer313@example.com,UK,2025-04-25
C0314,Customer 314,customer314@example.com,US,2025-07-10
C0315,Customer 315,customer315@example.com,IN,2025-04-26
C0316,Customer 316,customer316@example.com,US,2025-07-12
C0317,Customer 317,customer317@example.com,US,2025-06-13
C0318,Customer 318,customer318@example.com,US,2025-07-16
C0319,Customer 319,customer319@example.com,UK,2025-05-05
C0320,Customer 320,customer320@example.com,US,2025-03-12
C0321,Customer 321,customer321@example.com,IN,2025-01-20
C0322,Customer 322,customer322@example.com,US,2025-03-02
C0323,Customer 323,customer323@example.com,US,2025-03-27
C0324,Customer 324,customer324@example.com,US,2025-05-19
C0325,Customer 325,customer325@example.com,US,2025-02-05
C0326,Customer 326,customer326@example.com,US,2025-03-01
C0327,Customer 327,customer327@example.com,IN,2025-06-27
C0328,Customer 328,customer328@example.com,US,2025-06-30
C0329,Customer 329,customer329@example.com,US,2025-01-17
C0330,Customer 330,customer330@example.com,IN,2025-04-15
C0331,Customer 331,customer331@example.com,US,2025-05-19
C0332,Customer 332,customer332@example.com,IN,2025-04-17
C0333,Customer 333,customer333@example.com,US,2025-02-22
C0334,Customer 334,customer334@example.com,IN,2025-04-10
C0335,Customer 335,customer335@example.com,UK,2025-06-28
C0336,Customer 336,customer336@example.com,US,2025-07-15
C0337,Customer 337,customer337@example.com,UK,2025-04-08
C0338,Customer 338,customer338@example.com,IN,2025-01-02
C0339,Customer 339,customer339@example.com,US,2025-03-18
C0340,Customer 340,customer340@example.com,IN,2025-04-18
C0341,Customer 341,customer341@example.com,UK,2025-07-11
C0342,Customer 342,customer342@example.com,UK,2025-06-04
C0343,Customer 343,customer343@example.com,US,2025-05-05
C0344,Customer 344,customer344@example.com,US,2025-03-11
C0345,Customer 345,customer345@example.com,IN,2025-05-05
C0346,Customer 346,customer346@example.com,US,2025-04-10
C0347,Customer 347,customer347@example.com,US,2025-06-21
C0348,Customer 348,customer348@example.com,IN,2025-07-05
C0349,Customer 349,customer349@example.com,US,2025-04-30
C0350,Customer 350,customer350@example.com,US,2025-06-09
C0351,Customer 351,customer351@example.com,UK,2025-01-07
C0352,Customer 352,customer352@example.com,IN,2025-06-01
C0353,Customer 353,customer353@example.com,UK,2025-06-19
C0354,Customer 354,customer354@example.com,US,2025-01-22
C0355,Customer 355,customer355@example.com,IN,2025-02-04
C0356,Customer 356,customer356@example.com,IN,2025-02-16
C0357,Customer 357,customer357@example.com,US,2025-03-08
C0358,Customer 358,customer358@example.com,IN,2025-03-25
C0359,Customer 359,customer359@example.com,US,2025-04-27
C0360,Customer 360,customer360@example.com,US,2025-03-28
C0361,Customer 361,customer361@example.com,IN,2025-03-13
C0362,Customer 362,customer362@example.com,IN,2025-03-06
C0363,Customer 363,customer363@example.com,US,2025-05-01
C0364,Customer 364,customer364@example.com,US,2025-07-11
C0365,Customer 365,customer365@example.com,UK,2025-01-14
C0366,Customer 366,customer366@example.com,US,2025-02-27
C0367,Customer 367,customer367@example.com,US,2025-07-19
C0368,Customer 368,customer368@example.com,US,2025-07-13
C0369,Customer 369,customer369@example.com,US,2025-03-05
C0370,Customer 370,customer370@example.com,US,2025-01-06
C0371,Customer 371,customer371@example.com,UK,2025-02-09
C0372,Customer 372,customer372@example.com,US,2025-02-02
C0373,Customer 373,customer373@example.com,IN,2025-06-21
C0374,Customer 374,customer374@example.com,US,2025-05-25
C0375,Customer 375,customer375@example.com,US,2025-04-30
C0376,Customer 376,customer376@example.com,US,2025-07-16
C0377,Customer 377,customer377@example.com,US,2025-02-12
C0378,Customer 378,customer378@example.com,UK,2025-06-05
C0379,Customer 379,customer379@example.com,US,2025-07-19
C0380,Customer 380,customer380@example.com,US,2025-03-21
C0381,Customer 381,customer381@example.com,US,2025-05-29
C0382,Customer 382,customer382@example.com,US,2025-03-21
C0383,Customer 383,customer383@example.com,UK,2025-06-23
C0384,Customer 384,customer384@example.com,IN,2025-04-12
C0385,Customer 385,customer385@example.com,US,2025-01-20
C0386,Customer 386,customer386@example.com,UK,2025-06-26
C0387,Customer 387,customer387@example.com,US,2025-01-27
C0388,Customer 388,customer388@example.com,US,2025-06-25
C0389,Customer 389,customer389@example.com,UK,2025-01-31
C0390,Customer 390,customer390@example.com,UK,2025-07-20
C0391,Customer 391,customer391@example.com,US,2025-03-30
C0392,Customer 392,customer392@example.com,UK,2025-04-20
C0393,Customer 393,customer393@example.com,US,2025-01-18
C0394,Customer 394,customer394@example.com,UK,2025-06-15
C0395,Customer 395,customer395@example.com,US,2025-01-04
C0396,Customer 396,customer396@example.com,IN,2025-05-06
C0397,Customer 397,customer397@example.com,US,2025-04-21
C0398,Customer 398,customer398@example.com,US,2025-06-12
C0399,Customer 399,customer399@example.com,IN,2025-07-01
C0400,Customer 400,customer400@example.com,US,2025-04-22
C0401,Customer 401,customer401@example.com,US,2025-07-07
C0402,Customer 402,customer402@example.com,UK,2025-06-16
C0403,Customer 403,customer403@example.com,US,2025-06-07
C0404,Customer 404,customer404@example.com,UK,2025-07-18
C0405,Customer 405,customer405@example.com,IN,2025-04-30
C0406,Customer 406,customer406@example.com,IN,2025-07-07
C0407,Customer 407,customer407@example.com,UK,2025-03-10
C0408,Customer 408,customer408@example.com,US,2025-03-04
C0409,Customer 409,customer409@example.com,US,2025-03-13
C0410,Customer 410,customer410@example.com,IN,2025-03-04
C0411,Customer 411,customer411@example.com,IN,2025-05-26
C0412,Customer 412,customer412@example.com,UK,2025-06-21
C0413,Customer 413,customer413@example.com,IN,2025-03-28
C0414,Customer 414,customer414@example.com,US,2025-05-07
C0415,Customer 415,customer415@example.com,US,2025-02-16
C0416,Customer 416,customer416@example.com,IN,2025-02-24
C0417,Customer 417,customer417@example.com,US,2025-03-08
C0418,Customer 418,customer418@example.com,US,2025-03-13
C0419,Customer 419,customer419@example.com,UK,2025-06-29
C0420,Customer 420,customer420@example.com,US,2025-05-23
C0421,Customer 421,customer421@example.com,US,2025-05-13
C0422,Customer 422,customer422@example.com,US,2025-01-22
C0423,Customer 423,customer423@example.com,US,2025-07-04
C0424,Customer 424,customer424@example.com,IN,2025-05-06
C0425,Customer 425,customer425@example.com,UK,2025-07-14
C0426,Customer 426,customer426@example.com,US,2025-06-26
C0427,Customer 427,customer427@example.com,IN,2025-06-15
C0428,Customer 428,customer428@example.com,IN,2025-04-25
C0429,Customer 429,customer429@example.com,US,2025-01-24
C0430,Customer 430,customer430@example.com,US,2025-02-26
C0431,Customer 431,customer431@example.com,IN,2025-06-27
C0432,Customer 432,customer432@example.com,US,2025-03-20
C0433,Customer 433,customer433@example.com,UK,2025-04-05
C0434,Customer 434,customer434@example.com,IN,2025-05-22
C0435,Customer 435,customer435@example.com,UK,2025-03-30
C0436,Customer 436,customer436@example.com,IN,2025-07-10
C0437,Customer 437,customer437@example.com,UK,2025-03-26
C0438,Customer 438,customer438@example.com,US,2025-06-29
C0439,Customer 439,customer439@example.com,IN,2025-03-11
C0440,Customer 440,customer440@example.com,US,2025-03-06
C0441,Customer 441,customer441@example.com,US,2025-01-31
C0442,Customer 442,customer442@example.com,US,2025-03-22
C0443,Customer 443,customer443@example.com,US,2025-07-10
C0444,Customer 444,customer444@example.com,UK,2025-07-15
C0445,Customer 445,customer445@example.com,US,2025-02-19
C0446,Customer 446,customer446@example.com,US,2025-07-09
C0447,Customer 447,customer447@example.com,IN,2025-03-12
C0448,Customer 448,customer448@example.com,UK,2025-07-14
C0449,Customer 449,customer449@example.com,UK,2025-06-02
C0450,Customer 450,customer450@example.com,US,2025-01-26
C0451,Customer 451,customer451@example.com,US,2025-03-17
C0452,Customer 452,customer452@example.com,US,2025-04-03
C0453,Customer 453,customer453@example.com,US,2025-03-19
C0454,Customer 454,customer454@example.com,US,2025-07-01
C0455,Customer 455,customer455@example.com,UK,2025-02-02
C0456,Customer 456,customer456@example.com,US,2025-01-12
C0457,Customer 457,customer457@example.com,US,2025-05-22
C0458,Customer 458,customer458@example.com,US,2025-06-28
C0459,Customer 459,customer459@example.com,US,2025-06-13
C0460,Customer 460,customer460@example.com,IN,2025-01-27
C0461,Customer 461,customer461@example.com,US,2025-05-27
C0462,Customer 462,customer462@example.com,US,2025-05-01
C0463,Customer 463,customer463@example.com,IN,2025-04-23
C0464,Customer 464,customer464@example.com,US,2025-02-17
C0465,Customer 465,customer465@example.com,US,2025-03-06
C0466,Customer 466,customer466@example.com,IN,2025-01-30
C0467,Customer 467,customer467@example.com,US,2025-04-13
C0468,Customer 468,customer468@example.com,IN,2025-01-19
C0469,Customer 469,customer469@example.com,UK,2025-06-11
C0470,Customer 470,customer470@example.com,US,2025-02-08
C0471,Customer 471,customer471@example.com,US,2025-05-25
C0472,Customer 472,customer472@example.com,US,2025-01-22
C0473,Customer 473,customer473@example.com,US,2025-01-31
C0474,Customer 474,customer474@example.com,UK,2025-07-15
C0475,Customer 475,customer475@example.com,IN,2025-06-05
C0476,Customer 476,customer476@example.com,UK,2025-06-08
C0477,Customer 477,customer477@example.com,US,2025-07-18
C0478,Customer 478,customer478@example.com,UK,2025-04-08
C0479,Customer 479,customer479@example.com,IN,2025-04-24
C0480,Customer 480,customer480@example.com,US,2025-05-31
C0481,Customer 481,customer481@example.com,IN,2025-03-20
C0482,Customer 482,customer482@example.com,UK,2025-06-08
C0483,Customer 483,customer483@example.com,US,2025-06-06
C0484,Customer 484,customer484@example.com,US,2025-07-15
C0485,Customer 485,customer485@example.com,US,2025-06-10
C0486,Customer 486,customer486@example.com,US,2025-03-09
C0487,Customer 487,customer487@example.com,US,2025-02-10
C0488,Customer 488,customer488@example.com,US,2025-02-14
C0489,Customer 489,customer489@example.com,UK,2025-01-20
C0490,Customer 490,customer490@example.com,US,2025-01-01
C0491,Customer 491,customer491@example.com,IN,2025-04-26
C0492,Customer 492,customer492@example.com,UK,2025-05-01
C0493,Customer 493,customer493@example.com,US,2025-01-09
C0494,Customer 494,customer494@example.com,US,2025-03-15
C0495,Customer 495,customer495@example.com,US,2025-06-29
C0496,Customer 496,customer496@example.com,IN,2025-01-19
C0497,Customer 497,customer497@example.com,US,2025-03-09
C0498,Customer 498,customer498@example.com,UK,2025-06-19
C0499,Customer 499,customer499@example.com,US,2025-04-19
C0500,Customer 500,customer500@example.com,US,2025-05-20
